couple_1,couple_2,sum_paper
110895154,112067453,19
110895154,60027709,7
110895154,109974865,3
110895154,60069377,1598
110895154,60021944,34
110895154,122930424,2
110895154,60105015,2
110895154,60109077,6
110895154,118736414,8
110895154,118495196,18
110895154,60111846,2
110895154,119205554,12
110895154,60107865,12
110895154,113185784,5
110895154,103398586,1
110895154,114292120,49
110895154,123304129,16
110895154,122253065,1
110895154,113730915,27
110895154,60103610,72
110895154,60113340,1
110895154,112837444,17
110895154,122246043,6
110895154,115807387,54
110895154,122507729,1
110895154,60069411,2
110895154,123349703,1
110895154,104757287,26
110895154,121035669,6
110895154,122423939,1
110895154,120017344,1
110895154,120049336,3
110895154,108173563,12
110895154,121800748,2
110895154,118334675,4
110895154,121800542,4
110895154,121801872,1
110895154,115030660,4
110895154,122276664,12
110895154,118365648,20
110895154,114929020,2
110895154,122528432,11
110895154,60108869,79
110895154,60069382,12
110895154,112304895,1
110895154,120790202,1
110895154,121970579,5
110895154,123004553,3
110895154,60069397,4
110895154,120729067,5
110895154,110489126,8
110895154,120995963,1
110895154,120994895,1
110895154,60069400,1
110895154,117780162,1
110895154,121447971,2
110895154,119094094,2
110895154,114777814,2
110895154,113397046,3
110895154,115604549,3
110895154,118449433,4
110895154,120050723,1
110895154,121766130,2
110895154,116113090,2
110895154,60110258,3
110895154,111296405,1
110895154,104757720,4
110895154,114079087,2
110895154,113176951,2
110895154,103625259,1
110895154,113845589,6
110895154,60069412,2
110895154,115032348,3
110895154,60103730,5
110895154,113062885,1
110895154,60017161,16
110895154,100248703,3
110895154,60011226,12
110895154,113922700,37
110895154,112270602,36
110895154,103051948,36
110895154,103051699,7
110895154,60007989,2
110895154,60011476,2
110895154,103441118,1
110895154,105458996,1
110895154,60018306,17
110895154,114748149,47
110895154,114186060,14
110895154,113868064,1
110895154,112824287,1
110895154,107857354,1
110895154,113659408,2
110895154,122698746,5
110895154,104100909,6
110895154,60021508,4
110895154,104100824,2
110895154,60009358,1
110895154,60003038,5
110895154,60028442,2
110895154,100261271,5
110895154,104476028,2
110895154,103496990,1
110895154,113854098,2
110895154,104476024,2
110895154,60004505,2
110895154,60019778,1
110895154,60000762,1
110895154,60030168,1
110895154,60013881,1
110895154,60015481,1
110895154,60033011,10
110895154,104676705,5
110895154,60013609,21
110895154,60024997,4
110895154,60022134,2
110895154,120246201,1
110895154,103097537,1
110895154,103268808,1
110895154,120368546,2
110895154,60082102,2
110895154,60020760,4
110895154,104475822,1
110895154,114027201,1
110895154,107969001,1
110895154,114337572,1
110895154,113774541,1
110895154,122404310,1
110895154,103936965,4
110895154,112247832,1
110895154,103441304,1
110895154,113611320,1
110895154,119235936,4
110895154,60076757,3
110895154,60018353,4
110895154,108558087,4
110895154,112125972,2
110895154,110181669,4
110895154,123347777,1
110895154,60011604,2
110895154,119804192,1
110895154,60072186,2
110895154,116665254,5
110895154,60026553,8
110895154,123209774,1
110895154,120021708,2
110895154,119523243,1
110895154,104757763,7
110895154,115458107,3
110895154,103597531,8
110895154,60014256,5
110895154,114046242,2
110895154,121841273,17
110895154,113902597,4
110895154,116696974,2
110895154,112965775,6
110895154,113835661,2
110895154,110264360,2
110895154,113905066,17
110895154,113870693,20
110895154,118325631,9
110895154,113121345,13
110895154,104757253,9
110895154,116582593,10
110895154,60069378,25
110895154,118714546,1
110895154,111197494,12
110895154,114673009,3
110895154,122983881,3
110895154,112136414,5
110895154,123079305,11
110895154,108253171,2
110895154,122540792,3
110895154,103330213,14
110895154,60070441,36
110895154,60069385,5
110895154,118787672,8
110895154,60069394,15
110895154,106947787,2
110895154,121244510,1
110895154,60087598,4
110895154,122461491,3
110895154,105843273,5
110895154,119050004,5
110895154,118146086,1
110895154,111045551,1
110895154,103690177,4
110895154,113869978,2
110895154,100336132,2
110895154,104757263,23
110895154,60070707,1
110895154,113565376,2
110895154,104757365,4
110895154,120798584,28
110895154,112657314,1
110895154,112627945,18
110895154,60013052,2
110895154,114249453,2
110895154,60025655,1
110895154,60020599,2
110895154,60032882,2
110895154,60008408,39
110895154,121703489,4
110895154,104757408,9
110895154,112605579,35
110895154,104757652,6
110895154,100274994,3
110895154,112681850,1
110895154,117872281,7
110895154,100840220,14
110895154,106597813,18
110895154,60026810,1
110895154,60003161,1
110895154,103212300,3
110895154,60028868,9
110895154,105216101,4
110895154,115534586,3
110895154,60110404,2
110895154,60107956,2
110895154,60107900,2
110895154,121694240,1
110895154,111335865,1
110895154,120851670,1
110895154,112988891,1
110895154,108208968,5
110895154,60072181,1
110895154,117018344,4
110895154,121970638,1
110895154,60031126,10
110895154,104757281,1
110895154,60069407,32
110895154,108778323,1
110895154,113905063,7
110895154,114423201,1
110895154,121985781,1
110895154,118429759,1
110895154,120994536,1
110895154,113606204,1
110895154,manual,2
110895154,104608856,58
110895154,121494766,9
110895154,104757294,3
110895154,118267876,20
110895154,60033010,7
110895154,114616110,10
110895154,60025272,17
110895154,104572869,1
110895154,104572845,1
110895154,118498565,2
110895154,60026532,6
110895154,113504507,3
110895154,60118933,3
110895154,60024324,3
110895154,113909540,2
110895154,106617750,1
110895154,108213006,1
110895154,60099840,1
110895154,60022195,1
110895154,113860336,2
110895154,60021293,1
110895154,60027272,4
110895154,104757713,3
110895154,123296381,1
110895154,120552312,1
110895154,60106860,6
110895154,121236516,1
110895154,121452888,3
110895154,121451942,1
110895154,107784073,1
110895154,104758239,12
110895154,119166701,10
110895154,120668492,11
110895154,113323340,6
110895154,106435640,4
110895154,118339938,2
110895154,113471683,2
110895154,118668751,9
110895154,118261807,3
110895154,121032242,3
110895154,118186130,6
110895154,60121697,6
110895154,120901339,2
110895154,123372835,13
110895154,60106037,4
110895154,100458054,5
110895154,123224651,3
110895154,60104399,2
110895154,122434007,3
110895154,60032530,1
110895154,60008950,5
110895154,60102083,5
110895154,103995381,1
110895154,107909290,1
110895154,121896413,4
110895154,104758235,6
110895154,118335921,4
110895154,103636925,1
110895154,116379651,1
110895154,60025017,16
110895154,60002014,5
110895154,122540858,1
110895154,121033243,4
110895154,60011362,15
110895154,60014313,3
110895154,108180714,1
110895154,123143883,9
110895154,114959872,9
110895154,60030788,4
110895154,112469371,4
110895154,115256099,7
110895154,114176633,2
110895154,123417163,1
110895154,60105733,3
110895154,121371594,2
110895154,118365643,6
110895154,117868694,2
110895154,122808827,1
110895154,60105231,16
110895154,60031706,1
110895154,108608839,1
110895154,112795679,2
110895154,103566786,1
110895154,103520814,1
110895154,108613238,1
110895154,113004046,1
110895154,60005809,5
110895154,122818049,4
110895154,123076911,1
110895154,118584111,3
110895154,123078119,5
110895154,100655206,1
110895154,104580806,1
110895154,123412936,1
110895154,104211192,2
110895154,60010325,1
110895154,121516187,1
110895154,122273309,6
110895154,60031004,2
110895154,60011019,2
110895154,123297803,3
110895154,111157152,1
110895154,108448369,2
110895154,118594380,3
110895154,112729833,1
110895154,103608659,4
110895154,120049198,1
110895154,103939784,1
110895154,60019578,3
110895154,60024751,8
110895154,113565783,2
110895154,60013141,3
110895154,103690824,3
110895154,112450056,1
110895154,103060925,1
110895154,122133290,3
110895154,113529656,2
110895154,60069415,1
110895154,109524105,2
110895154,120498330,2
110895154,113835662,2
110895154,121884523,1
110895154,60105082,25
110895154,60019702,10
110895154,60103907,2
110895154,104581980,1
110895154,104260943,6
110895154,60104653,1
110895154,60071354,1
110895154,60031214,1
110895154,112250893,6
110895154,104416009,4
110895154,60032325,4
110895154,60087584,7
110895154,112693276,1
110895154,114165345,1
110895154,60027031,1
110895154,60008134,1
110895154,60106208,1
110895154,109138629,1
110895154,60031101,1
110895154,100805340,1
110895154,119050053,14
110895154,60005745,3
110895154,60069391,9
110895154,123060844,2
110895154,123384514,2
110895154,104757401,3
110895154,60106585,1
110895154,122136347,1
110895154,60016775,2
110895154,60117888,2
110895154,121790813,2
110895154,113962845,2
110895154,110595146,8
110895154,122397156,3
110895154,117080912,3
110895154,116079411,3
110895154,115157111,2
110895154,60102127,1
110895154,60118847,1
110895154,114942382,1
110895154,113035762,2
110895154,60016605,1
110895154,121771747,1
110895154,104599286,2
110895154,112605630,2
110895154,114565762,3
110895154,122252530,1
110895154,60083112,1
110895154,60026415,4
110895154,114013063,1
110895154,60106643,1
110895154,121021202,1
110895154,117253176,1
110895154,120805212,3
110895154,116379622,2
110895154,104462219,3
110895154,103828369,1
110895154,60016005,1
110895154,117990590,3
110895154,113362180,3
110895154,109696702,1
110895154,60105182,12
110895154,122315621,1
110895154,116983942,2
110895154,114077795,1
110895154,110879379,1
110895154,114537592,1
110895154,104757672,1
110895154,104757286,2
110895154,104757323,1
110895154,109652170,1
110895154,102969616,2
110895154,60111309,12
110895154,60105171,3
110895154,101652714,1
110895154,119519325,1
110895154,104012624,1
110895154,112661329,1
110895154,103209556,1
110895154,101550304,2
110895154,122754820,2
110895154,112067452,1
110895154,113905154,1
110895154,104757299,1
110895154,60004969,1
110895154,116114142,2
110895154,113882551,1
110895154,113108788,1
110895154,123092846,1
110895154,113765561,3
110895154,110177592,1
110895154,104757270,1
110895154,116606676,2
110895154,123142415,2
110895154,60109118,1
110895154,60109309,1
110895154,117274264,1
110895154,117561000,1
110895154,116430874,2
110895154,112457975,6
110895154,108239964,1
110895154,104590716,1
110895154,122276747,2
110895154,112830802,2
110895154,100272197,2
110895154,60069406,1
110895154,118264048,1
110895154,104757410,4
110895154,60111719,1
110895154,115165486,2
110895154,121099307,1
110895154,104872797,2
110895154,60110633,1
110895154,121841251,1
110895154,112703761,1
110895154,113374308,1
110895154,60109646,1
110895154,115360056,1
112067453,60069377,8
112067453,60069394,1
112067453,60087598,1
112067453,123078119,1
112067453,120805212,3
60027709,109974865,1
60069377,60021944,9
60069377,60109077,1
60069377,118736414,5
60069377,118495196,11
60069377,60111846,2
60069377,119205554,4
60069377,114292120,3
60069377,60103610,3
60069377,112837444,1
60069377,122246043,4
60069377,115807387,9
60069377,122507729,1
60069377,60069411,1
60069377,123349703,1
60069377,104757287,2
60069377,121035669,2
60069377,108173563,5
60069377,118365648,1
60069377,122528432,7
60069377,60108869,28
60069377,121970579,4
60069377,123004553,1
60069377,60069397,2
60069377,110489126,2
60069377,118449433,3
60069377,120050723,2
60069377,60110258,1
60069377,114079087,1
60069377,113845589,2
60069377,113062885,1
60069377,60011226,4
60069377,113922700,10
60069377,112270602,20
60069377,103051948,20
60069377,116665254,1
60069377,60026553,2
60069377,121841273,3
60069377,113905066,11
60069377,113870693,9
60069377,118325631,4
60069377,113121345,8
60069377,104757253,2
60069377,116582593,1
60069377,60069378,25
60069377,111197494,6
60069377,123079305,3
60069377,108253171,2
60069377,103330213,1
60069377,60070441,1
60069377,60069385,1
60069377,118787672,4
60069377,60069394,1
60069377,60087598,4
60069377,118146086,1
60069377,111045551,1
60069377,120798584,1
60069377,112627945,3
60069377,60008408,6
60069377,104757408,6
60069377,112605579,12
60069377,104757652,7
60069377,100274994,4
60069377,117872281,2
60069377,117018344,5
60069377,121970638,1
60069377,60031126,2
60069377,104757281,1
60069377,60069407,5
60069377,104608856,17
60069377,121494766,1
60069377,118267876,6
60069377,60033010,3
60069377,114616110,7
60069377,60025272,5
60069377,104757713,2
60069377,123296381,2
60069377,120552312,3
60069377,60106860,6
60069377,121236516,2
60069377,107784073,1
60069377,119166701,4
60069377,120668492,2
60069377,113323340,2
60069377,106435640,1
60069377,118339938,1
60069377,113471683,1
60069377,118668751,2
60069377,60106037,1
60069377,100458054,1
60069377,123224651,1
60069377,60032530,1
60069377,60025017,2
60069377,60011362,2
60069377,113461843,7
60069377,60000256,10
60069377,113210625,2
60069377,118438301,2
60069377,60009914,4
60069377,123143883,3
60069377,60030788,2
60069377,112469371,2
60069377,123417163,1
60069377,60105733,1
60069377,118365643,6
60069377,117868694,2
60069377,60105231,2
60069377,123078119,2
60069377,123297803,2
60069377,113529656,1
60069377,60105082,3
60069377,60019702,4
60069377,104260943,1
60069377,60087584,5
60069377,119050053,2
60069377,104757401,4
60069377,60016775,2
60069377,121790813,3
60069377,117080912,1
60069377,113035762,1
60069377,60016605,1
60069377,120805212,6
60069377,117990590,1
60069377,60105182,10
60069377,122315621,1
60069377,114077795,1
60069377,110879379,1
60069377,114537592,1
60069377,60111309,12
60069377,101550304,2
60069377,122754820,2
60069377,104757299,1
60069377,60004969,4
60069377,116114142,2
60069377,113882551,2
60069377,113108788,2
60069377,113765561,2
60069377,110177592,1
60069377,104757270,4
60069377,60111719,1
60069377,60110633,1
60021944,113185784,5
60021944,103398586,1
60021944,114292120,6
60021944,115807387,2
60021944,121800542,2
60021944,115030660,2
60021944,60108869,2
60021944,110489126,1
60021944,119094094,2
60021944,121766130,2
60021944,116113090,2
60021944,111296405,1
60021944,113176951,2
60021944,103625259,1
122930424,60105015,2
60109077,118495196,1
60109077,121447971,2
118736414,119205554,1
118495196,60111846,1
118495196,122246043,1
118495196,110489126,1
118495196,115604549,1
60107865,122423939,2
60107865,120017344,2
60107865,120049336,5
60107865,60069382,1
60107865,112304895,1
60107865,120790202,1
60107865,60069397,1
113185784,103398586,1
113185784,119094094,2
113185784,121766130,2
113185784,116113090,2
113185784,111296405,1
114292120,123304129,17
114292120,122253065,1
114292120,113730915,6
114292120,60103610,16
114292120,60113340,1
114292120,121800748,2
114292120,121800542,5
114292120,121801872,1
114292120,115030660,2
114292120,120995963,1
114292120,120994895,1
114292120,60069400,1
114292120,117780162,1
114292120,113397046,6
114292120,60110258,1
114292120,113905063,3
114292120,114423201,1
114292120,121985781,2
114292120,118429759,2
114292120,60105733,1
114292120,116079411,1
123304129,122253065,1
123304129,113730915,6
123304129,60103610,12
123304129,60113340,1
123304129,121800748,1
123304129,121801872,1
123304129,120995963,1
123304129,120994895,1
123304129,60069400,1
123304129,117780162,1
123304129,113905063,1
123304129,113606204,1
113730915,60103610,10
113730915,121800748,1
113730915,120995963,1
113730915,113905063,2
113730915,114423201,1
113730915,113606204,1
60103610,60113340,1
60103610,115807387,1
60103610,121800748,1
60103610,121801872,1
60103610,120994895,2
60103610,60069400,2
60103610,117780162,2
60103610,60069378,1
60103610,103330213,4
60103610,105843273,2
60103610,119050004,1
60103610,60070707,1
60103610,113905063,13
60103610,114423201,1
60103610,121985781,1
60103610,118429759,1
60103610,120994536,3
60103610,113606204,2
60103610,60025272,1
60103610,60105733,2
60103610,122273309,1
60103610,60105082,1
60103610,119050053,1
60103610,116079411,2
112837444,60108869,2
112837444,113845589,1
112837444,122461491,1
115807387,60108869,3
115807387,104757720,2
115807387,113845589,1
115807387,113905066,1
115807387,113870693,1
115807387,118325631,1
115807387,60069378,2
115807387,103330213,2
115807387,105843273,1
115807387,118146086,1
115807387,111045551,1
115807387,104757263,4
115807387,60008408,1
115807387,121703489,4
115807387,112605579,1
115807387,60025272,2
115807387,60087584,1
115807387,119050053,1
115807387,60069391,1
115807387,101550304,2
115807387,122754820,2
122507729,60069411,1
122507729,123349703,1
60069411,123349703,1
104757287,121035669,1
122423939,120017344,1
122423939,120049336,1
120017344,120049336,1
108173563,60108869,2
108173563,112270602,2
108173563,103051948,2
108173563,123079305,1
108173563,118267876,1
108173563,118261807,1
121800748,113905063,1
121800748,114423201,1
121800542,115030660,1
122276664,118365648,1
118365648,122273309,2
122528432,60108869,2
122528432,104757410,1
60108869,118449433,2
60108869,104757720,2
60108869,113845589,4
60108869,121841273,2
60108869,108253171,1
60108869,103330213,1
60108869,60069394,3
60108869,118267876,5
60108869,104757713,1
60108869,104758239,1
60108869,120668492,1
60108869,113323340,1
60108869,118261807,1
60108869,121032242,1
60108869,118186130,2
60069382,112304895,1
60069382,120790202,1
60069382,60103730,4
60069382,119523243,1
60069382,104757763,6
60069382,113504507,3
60069382,60118933,3
60069382,60025017,1
60069382,60104653,1
60069382,60071354,1
60069382,60031214,1
60069382,114942382,1
112304895,120790202,1
121970579,123004553,1
121970579,113905066,1
120729067,110489126,1
60069400,117780162,1
119094094,113176951,1
119094094,103625259,1
118449433,104757713,1
121766130,116113090,2
121766130,111296405,1
116113090,111296405,1
113176951,103625259,1
113845589,108253171,1
60017161,100248703,2
60017161,60087584,2
60017161,60102127,2
113922700,112270602,3
113922700,103051948,3
113922700,103051699,1
113922700,60069378,1
113922700,60070441,1
113922700,60069385,2
113922700,60008408,1
113922700,112605579,5
113922700,112681850,1
113922700,60033010,2
113922700,114616110,2
113922700,60025272,1
113922700,118365643,1
113922700,60105082,1
113922700,119050053,1
113922700,112067452,2
113922700,113905154,2
112270602,103051948,23
112270602,103051699,2
112270602,108558087,1
112270602,104608856,3
112270602,114616110,2
112270602,60025272,1
112270602,118365643,1
112270602,60019702,2
112270602,113882551,1
112270602,113108788,1
112270602,123092846,1
112270602,113765561,3
103051948,103051699,2
103051948,108558087,1
103051948,104608856,3
103051948,114616110,2
103051948,60025272,1
103051948,118365643,1
103051948,60019702,2
103051948,113882551,1
103051948,113108788,1
103051948,123092846,1
103051948,113765561,3
103051699,108558087,1
60007989,60011476,2
60007989,103441118,1
60007989,105458996,1
60011476,103441118,1
60011476,105458996,1
60018306,114748149,28
60018306,114186060,7
60018306,122698746,3
60018306,104100909,4
60018306,60021508,3
60018306,104100824,2
60018306,60003038,4
60018306,60028442,2
60018306,100261271,4
60018306,104476028,1
60018306,113854098,1
60018306,104476024,1
60018306,60004505,1
60018306,60019778,1
60018306,60000762,1
60018306,60030168,1
60018306,60013881,1
60018306,60015481,1
60018306,60033011,10
60018306,104676705,5
60018306,60013609,21
60018306,60024997,4
60018306,60022134,1
60018306,120246201,1
60018306,103097537,1
60018306,103268808,1
60018306,120368546,2
60018306,60082102,2
60018306,60020760,4
60018306,104475822,1
60018306,114027201,1
60018306,103936965,1
60018306,112247832,1
114748149,114186060,17
114748149,113868064,1
114748149,112824287,1
114748149,107857354,1
114748149,113659408,2
114748149,122698746,5
114748149,104100909,5
114748149,60021508,3
114748149,104100824,2
114748149,60009358,1
114748149,60003038,7
114748149,60028442,7
114748149,100261271,8
114748149,104476028,2
114748149,103496990,1
114748149,113854098,2
114748149,104476024,2
114748149,60004505,2
114748149,60019778,1
114748149,60000762,1
114748149,60030168,1
114748149,60013881,1
114748149,60015481,1
114748149,60033011,18
114748149,104676705,8
114748149,60013609,34
114748149,60024997,6
114748149,60022134,1
114748149,120246201,1
114748149,103097537,1
114748149,103268808,1
114748149,120368546,2
114748149,60082102,4
114748149,60020760,8
114748149,104475822,2
114748149,114027201,2
114748149,107969001,1
114748149,114337572,1
114748149,113774541,1
114748149,122404310,1
114748149,103936965,4
114748149,112247832,1
114748149,103441304,1
114748149,113611320,1
114748149,119235936,4
114748149,60076757,3
114748149,60018353,2
114186060,113659408,1
114186060,122698746,1
114186060,104100909,4
114186060,60021508,2
114186060,104100824,2
114186060,60009358,1
114186060,60003038,4
114186060,100261271,6
114186060,104476028,3
114186060,103496990,2
114186060,113854098,3
114186060,104476024,3
114186060,60004505,3
114186060,60033011,9
114186060,104676705,4
114186060,60013609,17
114186060,60024997,3
114186060,60022134,1
114186060,120246201,1
114186060,103097537,1
114186060,103268808,1
114186060,120368546,2
114186060,60082102,2
114186060,60020760,4
114186060,104475822,1
114186060,114027201,1
114186060,103936965,1
114186060,112247832,1
114186060,103441304,1
113868064,112824287,1
113868064,107857354,1
113868064,113659408,1
112824287,107857354,1
112824287,113659408,1
107857354,113659408,1
113659408,60009358,1
113659408,60003038,1
122698746,104100909,2
122698746,60021508,1
122698746,60019778,1
122698746,60000762,1
122698746,60030168,1
122698746,60013881,1
122698746,60015481,1
122698746,107969001,1
122698746,103441304,1
104100909,60021508,4
104100909,104100824,2
104100909,100261271,1
104100909,104476028,1
104100909,113854098,1
104100909,104476024,1
104100909,60004505,1
104100909,60019778,1
104100909,60000762,1
104100909,60030168,1
104100909,60013881,1
104100909,60015481,1
104100909,60022134,1
104100909,120246201,1
104100909,103097537,1
104100909,103268808,1
104100909,120368546,2
104100909,103936965,1
104100909,112247832,1
104100909,103441304,1
60021508,104100824,2
60021508,60019778,1
60021508,60000762,1
60021508,60030168,1
60021508,60013881,1
60021508,60015481,1
60021508,120368546,1
60021508,103936965,1
60021508,112247832,1
104100824,120368546,1
104100824,103936965,1
104100824,112247832,1
60009358,60003038,1
60003038,100261271,2
60003038,60033011,8
60003038,104676705,4
60003038,60013609,18
60003038,60024997,4
60003038,60082102,2
60003038,60020760,4
60003038,104475822,1
60003038,114027201,1
100261271,104476028,2
100261271,103496990,1
100261271,113854098,2
100261271,104476024,2
100261271,60004505,2
100261271,60033011,8
100261271,104676705,3
100261271,60013609,13
100261271,60024997,2
100261271,60022134,1
100261271,120246201,1
100261271,103097537,1
100261271,103268808,1
100261271,120368546,1
100261271,60082102,2
100261271,60020760,4
100261271,104475822,1
100261271,114027201,1
104476028,103496990,1
104476028,113854098,2
104476028,104476024,2
104476028,60004505,2
104476028,60022134,1
104476028,120246201,1
104476028,103097537,1
104476028,103268808,1
104476028,120368546,1
103496990,113854098,1
103496990,104476024,1
103496990,60004505,1
113854098,104476024,2
113854098,60004505,2
113854098,60022134,1
113854098,120246201,1
113854098,103097537,1
113854098,103268808,1
113854098,120368546,1
104476024,60004505,2
104476024,60022134,1
104476024,120246201,1
104476024,103097537,1
104476024,103268808,1
104476024,120368546,1
60004505,60022134,1
60004505,120246201,1
60004505,103097537,1
60004505,103268808,1
60004505,120368546,1
60019778,60000762,1
60019778,60030168,1
60019778,60013881,1
60019778,60015481,1
60000762,60030168,1
60000762,60013881,1
60000762,60015481,1
60030168,60013881,1
60030168,60015481,1
60013881,60015481,1
60033011,104676705,10
60033011,60013609,44
60033011,60024997,8
60033011,60082102,6
60033011,60020760,12
60033011,104475822,3
60033011,114027201,3
104676705,60013609,21
104676705,60024997,4
104676705,60082102,2
104676705,60020760,4
104676705,104475822,1
104676705,114027201,1
60013609,60024997,18
60013609,60082102,10
60013609,60020760,20
60013609,104475822,5
60013609,114027201,5
60024997,60082102,2
60024997,60020760,4
60024997,104475822,1
60024997,114027201,1
60022134,120246201,1
60022134,103097537,1
60022134,103268808,1
60022134,120368546,1
60022134,100840220,1
60022134,106597813,1
60022134,60072181,1
120246201,103097537,1
120246201,103268808,1
120246201,120368546,1
103097537,103268808,1
103097537,120368546,1
103268808,120368546,1
120368546,103936965,1
120368546,112247832,1
60082102,60020760,4
60082102,104475822,1
60082102,114027201,1
60020760,104475822,2
60020760,114027201,2
114337572,113774541,1
114337572,122404310,1
113774541,122404310,1
103936965,112247832,1
103936965,113611320,2
103936965,119235936,2
113611320,119235936,1
119235936,60018353,2
123347777,60011604,2
123347777,119804192,1
123347777,60072186,2
60011604,119804192,2
60011604,60072186,4
119804192,60072186,2
116665254,117018344,1
116665254,121970638,1
60026553,123209774,1
119523243,104757763,2
104757763,112627945,1
104757763,114942382,1
103597531,60014256,5
103597531,114046242,2
121841273,113902597,3
121841273,116696974,2
121841273,112965775,1
121841273,104608856,2
121841273,60019702,2
113902597,116696974,2
113902597,112965775,1
116696974,112965775,2
113835661,110264360,2
113905066,60069378,1
113905066,60008408,1
113905066,112605579,3
113870693,121244510,1
113870693,60087598,1
113870693,121703489,1
113870693,123076911,1
118325631,60069407,1
113121345,104757253,2
113121345,111197494,1
113121345,60027272,1
113121345,117868694,1
113121345,60019702,1
104757253,113529656,1
104757253,60105182,1
60069378,60008408,1
60069378,112605579,2
60069378,60105082,1
60069378,119050053,1
60069378,101550304,2
60069378,122754820,2
60069378,104757299,1
60069378,60004969,1
60069378,116114142,1
111197494,104608856,1
111197494,60027272,1
111197494,60019702,1
111197494,104757401,2
114673009,122983881,3
114673009,112136414,3
122983881,112136414,3
112136414,108778323,2
123079305,60104399,1
123079305,122434007,1
108253171,60069385,1
103330213,105843273,2
103330213,119050004,1
103330213,60025272,1
103330213,119050053,1
60070441,60008408,7
60070441,112605579,1
60069385,113869978,1
60069385,100336132,1
60069385,112681850,2
60069394,118186130,1
60069394,123078119,3
60069394,123297803,1
121244510,60087598,1
105843273,119050004,2
105843273,60025272,1
105843273,60105082,1
105843273,119050053,1
105843273,110595146,1
119050004,60105082,1
119050004,119050053,1
119050004,110595146,1
118146086,111045551,1
103690177,60013141,3
103690177,103690824,3
113869978,100336132,1
120798584,112657314,1
120798584,60025655,1
112627945,112605579,1
112627945,60117888,3
112627945,121790813,1
60013052,114249453,2
60020599,60032882,2
60008408,112605579,2
60008408,119050053,2
104757408,112605579,1
104757408,104757652,1
104757408,104608856,1
104757408,60105082,1
104757408,110595146,1
104757408,122397156,1
112605579,104608856,1
112605579,60033010,1
112605579,60002014,1
112605579,118365643,1
112605579,119050053,4
112605579,60069391,2
112605579,116114142,1
104757652,100274994,1
100840220,106597813,14
100840220,60028868,6
100840220,105216101,4
100840220,115534586,3
100840220,60110404,2
100840220,60107956,2
100840220,60107900,2
100840220,121694240,1
100840220,111335865,1
100840220,108208968,5
100840220,60072181,1
106597813,60026810,3
106597813,60003161,3
106597813,103212300,3
106597813,60028868,6
106597813,105216101,4
106597813,115534586,3
106597813,60110404,2
106597813,60107956,2
106597813,60107900,2
106597813,121694240,1
106597813,111335865,1
106597813,108208968,5
106597813,60072181,1
60026810,60003161,1
60026810,103212300,1
60003161,103212300,1
103212300,120851670,2
103212300,112988891,2
60028868,105216101,12
60028868,115534586,9
60028868,60110404,6
60028868,60107956,6
60028868,60107900,6
60028868,121694240,3
60028868,111335865,3
60028868,113362180,3
60028868,109696702,2
105216101,115534586,6
105216101,60110404,4
105216101,60107956,4
105216101,60107900,4
105216101,121694240,2
105216101,111335865,2
115534586,60110404,3
115534586,60107956,3
115534586,60107900,3
115534586,121694240,1
115534586,111335865,1
60110404,60107956,2
60110404,60107900,2
60110404,121694240,1
60110404,111335865,1
60107956,60107900,2
60107956,121694240,1
60107956,111335865,1
60107900,121694240,1
60107900,111335865,1
121694240,111335865,1
120851670,112988891,1
117018344,121970638,1
117018344,60031126,1
117018344,104757281,1
60031126,60103907,2
60031126,104581980,1
60069407,109524105,1
60069407,120498330,1
60069407,113835662,1
113905063,114423201,1
113905063,120994536,1
113905063,113606204,1
121985781,118429759,1
104608856,121494766,1
104608856,60033010,1
104608856,114616110,1
104608856,60025272,1
104608856,118365643,1
104608856,60031706,2
104608856,108608839,1
104608856,112795679,2
104608856,103566786,2
104608856,103520814,2
104608856,108613238,1
104608856,113004046,2
104608856,60105082,3
104608856,60019702,3
104608856,119050053,1
104608856,60069391,1
104608856,110595146,1
104608856,122397156,1
118267876,118339938,1
118267876,113471683,1
118267876,121032242,1
118267876,118186130,1
60033010,114616110,2
60033010,60025272,1
60033010,119050053,1
114616110,60025272,1
60025272,118365643,1
60025272,60019702,1
60025272,119050053,1
104572869,104572845,1
118498565,60026532,2
113504507,60118933,3
60024324,113909540,2
60024324,106617750,1
60024324,108213006,1
60024324,60099840,1
60024324,60022195,1
60024324,113860336,2
60024324,60021293,1
113909540,106617750,2
113909540,108213006,2
113909540,60099840,2
113909540,60022195,2
106617750,108213006,1
106617750,60099840,1
106617750,60022195,1
108213006,60099840,1
108213006,60022195,1
60099840,60022195,1
113860336,60021293,1
60027272,60019702,1
120552312,60106860,1
60106860,107784073,1
121452888,121451942,3
104758239,123224651,1
119166701,60109118,1
119166701,60109309,1
119166701,117274264,1
120668492,113323340,1
118339938,113471683,1
118668751,122540858,5
121032242,118186130,1
60121697,120901339,1
60121697,123372835,2
60121697,113962845,2
120901339,123372835,2
123372835,60011362,1
123372835,122273309,1
123372835,60031004,1
123372835,60011019,1
60104399,122434007,1
60008950,60102083,5
104758235,119519325,1
60025017,60002014,1
60025017,104260943,9
60025017,60104653,1
60025017,60071354,1
60025017,60031214,1
60025017,112250893,3
60025017,104416009,5
60025017,60032325,5
121033243,60011362,7
121033243,60014313,3
60011362,60014313,5
60011362,108180714,1
60011362,123143883,1
60011362,60105231,1
60011362,122273309,1
60011362,103608659,2
113461843,60000256,6
113461843,113210625,2
113461843,60009914,4
60000256,113210625,2
60000256,118438301,4
60000256,60009914,3
60030788,112469371,4
123417163,60105733,1
60105733,116079411,2
118365643,60019702,1
108608839,112795679,2
103566786,103520814,1
60005809,122818049,4
60005809,118584111,3
60005809,100655206,1
122818049,118584111,2
118584111,100655206,1
123078119,123297803,3
104580806,123412936,1
104580806,104211192,2
104580806,60010325,1
104580806,121516187,1
123412936,104211192,2
123412936,60010325,1
123412936,121516187,1
104211192,60010325,2
104211192,121516187,2
60010325,121516187,1
60031004,60011019,1
60024751,113565783,4
60013141,103690824,3
120498330,113835662,1
60105082,60069391,3
60105082,110595146,2
60105082,122397156,1
104260943,112250893,3
104260943,104416009,4
104260943,60032325,4
60104653,60071354,1
60104653,60031214,1
60071354,60031214,1
112250893,104416009,3
112250893,60032325,3
104416009,60032325,4
112693276,114165345,1
112693276,60027031,1
112693276,60008134,1
112693276,60106208,1
114165345,60027031,1
114165345,60008134,1
114165345,60106208,1
60027031,60008134,1
60027031,60106208,1
60008134,60106208,1
123060844,123384514,2
110595146,122397156,1
117080912,117990590,1
112605630,114565762,1
114565762,60109646,1
114565762,115360056,1
60026415,114013063,4
104462219,60016005,1
113362180,109696702,1
60105182,122315621,1
60105182,116983942,2
60105182,114077795,1
60105182,110879379,1
104757672,104757286,2
104757672,104757323,1
104757672,109652170,1
104757672,102969616,2
104757286,104757323,2
104757286,109652170,2
104757286,102969616,4
104757323,109652170,1
104757323,102969616,2
109652170,102969616,2
104012624,112661329,1
104012624,103209556,1
112661329,103209556,1
101550304,122754820,2
112067452,113905154,1
113882551,113108788,1
123092846,113765561,1
60109118,60109309,1
60109118,117274264,1
60109309,117274264,1
112457975,108239964,1
112457975,104590716,1
122276747,112830802,2
122276747,100272197,2
112830802,100272197,2
112830802,60069406,1
112830802,118264048,1
100272197,60069406,1
100272197,118264048,1
60069406,118264048,1
115165486,121099307,1
115165486,104872797,2
115165486,121841251,1
115165486,112703761,1
121099307,104872797,1
104872797,121841251,1
104872797,112703761,1
121841251,112703761,1
60109646,115360056,1
